-- phpMyAdmin SQL Dump
-- version 5.0.2
-- https://www.phpmyadmin.net/
--
-- Máy chủ: 127.0.0.1
-- Thời gian đã tạo: Th5 17, 2022 lúc 02:33 AM
-- Phiên bản máy phục vụ: 10.4.14-MariaDB
-- Phiên bản PHP: 7.4.10

SET SQL_MODE = "NO_AUTO_VALUE_ON_ZERO";
START TRANSACTION;
SET time_zone = "+00:00";


/*!40101 SET @OLD_CHARACTER_SET_CLIENT=@@CHARACTER_SET_CLIENT */;
/*!40101 SET @OLD_CHARACTER_SET_RESULTS=@@CHARACTER_SET_RESULTS */;
/*!40101 SET @OLD_COLLATION_CONNECTION=@@COLLATION_CONNECTION */;
/*!40101 SET NAMES utf8mb4 */;

--
-- Cơ sở dữ liệu: `bandienthoai`
--

-- --------------------------------------------------------

--
-- Cấu trúc bảng cho bảng `category`
--

CREATE TABLE `category` (
  `cat_id` int(11) NOT NULL,
  `cat_name` varchar(255) NOT NULL
) ENGINE=InnoDB DEFAULT CHARSET=utf8mb4;

--
-- Đang đổ dữ liệu cho bảng `category`
--

INSERT INTO `category` (`cat_id`, `cat_name`) VALUES
(9, 'Hãng khác'),
(3, 'HTC'),
(1, 'iPhone'),
(4, 'Nokia'),
(7, 'OPPO'),
(2, 'Samsung'),
(5, 'Sony'),
(6, 'Vivo'),
(8, 'Xiaomi');

-- --------------------------------------------------------

--
-- Cấu trúc bảng cho bảng `comment`
--

CREATE TABLE `comment` (
  `comm_id` int(11) NOT NULL,
  `prd_id` int(11) NOT NULL,
  `comm_name` varchar(255) NOT NULL,
  `comm_mail` varchar(255) NOT NULL,
  `comm_date` datetime NOT NULL,
  `comm_details` text NOT NULL
) ENGINE=InnoDB DEFAULT CHARSET=utf8mb4;

--
-- Đang đổ dữ liệu cho bảng `comment`
--

INSERT INTO `comment` (`comm_id`, `prd_id`, `comm_name`, `comm_mail`, `comm_date`, `comm_details`) VALUES
(1, 1, 'Nguyễn Văn A', 'nguyenvana@gmail.com', '2018-12-12 20:59:56', 'Đây thực sự là một sản phẩm tuyệt vời'),
(2, 2, 'Nguyễn Văn A', 'nguyenvana@gmail.com', '2018-12-12 20:59:56', 'Đây thực sự là một sản phẩm tuyệt vời'),
(3, 3, 'Nguyễn Văn A', 'nguyenvana@gmail.com', '2018-12-12 20:59:56', 'Đây thực sự là một sản phẩm tuyệt vời'),
(4, 4, 'Nguyễn Văn A', 'nguyenvana@gmail.com', '2018-12-12 20:59:56', 'Đây thực sự là một sản phẩm tuyệt vời'),
(5, 5, 'Nguyễn Văn A', 'nguyenvana@gmail.com', '2018-12-12 20:59:56', 'Đây thực sự là một sản phẩm tuyệt vời'),
(6, 6, 'Nguyễn Văn A', 'nguyenvana@gmail.com', '2018-12-12 20:59:56', 'Đây thực sự là một sản phẩm tuyệt vời'),
(7, 7, 'Nguyễn Văn A', 'nguyenvana@gmail.com', '2018-12-12 20:59:56', 'Đây thực sự là một sản phẩm tuyệt vời'),
(8, 8, 'Nguyễn Văn A', 'nguyenvana@gmail.com', '2018-12-12 20:59:56', 'Đây thực sự là một sản phẩm tuyệt vời'),
(9, 9, 'Nguyễn Văn A', 'nguyenvana@gmail.com', '2018-12-12 20:59:56', 'Đây thực sự là một sản phẩm tuyệt vời'),
(10, 10, 'Nguyễn Văn A', 'nguyenvana@gmail.com', '2018-12-12 20:59:56', 'Đây thực sự là một sản phẩm tuyệt vời'),
(11, 11, 'Nguyễn Văn A', 'nguyenvana@gmail.com', '2018-12-12 20:59:56', 'Đây thực sự là một sản phẩm tuyệt vời'),
(12, 12, 'Nguyễn Văn A', 'nguyenvana@gmail.com', '2018-12-12 20:59:56', 'Đây thực sự là một sản phẩm tuyệt vời'),
(13, 13, 'Nguyễn Văn A', 'nguyenvana@gmail.com', '2018-12-12 20:59:56', 'Đây thực sự là một sản phẩm tuyệt vời'),
(14, 14, 'Nguyễn Văn A', 'nguyenvana@gmail.com', '2018-12-12 20:59:56', 'Đây thực sự là một sản phẩm tuyệt vời'),
(15, 15, 'Nguyễn Văn A', 'nguyenvana@gmail.com', '2018-12-12 20:59:56', 'Đây thực sự là một sản phẩm tuyệt vời'),
(16, 16, 'Nguyễn Văn A', 'nguyenvana@gmail.com', '2018-12-12 20:59:56', 'Đây thực sự là một sản phẩm tuyệt vời'),
(17, 17, 'Nguyễn Văn A', 'nguyenvana@gmail.com', '2018-12-12 20:59:56', 'Đây thực sự là một sản phẩm tuyệt vời'),
(18, 18, 'Nguyễn Văn A', 'nguyenvana@gmail.com', '2018-12-12 20:59:56', 'Đây thực sự là một sản phẩm tuyệt vời'),
(19, 19, 'Nguyễn Văn A', 'nguyenvana@gmail.com', '2018-12-12 20:59:56', 'Đây thực sự là một sản phẩm tuyệt vời'),
(20, 20, 'Nguyễn Văn A', 'nguyenvana@gmail.com', '2018-12-12 20:59:56', 'Đây thực sự là một sản phẩm tuyệt vời'),
(21, 21, 'Nguyễn Văn A', 'nguyenvana@gmail.com', '2018-12-12 20:59:56', 'Đây thực sự là một sản phẩm tuyệt vời'),
(22, 22, 'Nguyễn Văn A', 'nguyenvana@gmail.com', '2018-12-12 20:59:56', 'Đây thực sự là một sản phẩm tuyệt vời'),
(23, 23, 'Nguyễn Văn A', 'nguyenvana@gmail.com', '2018-12-12 20:59:56', 'Đây thực sự là một sản phẩm tuyệt vời'),
(24, 24, 'Nguyễn Văn A', 'nguyenvana@gmail.com', '2018-12-12 20:59:56', 'Đây thực sự là một sản phẩm tuyệt vời'),
(25, 25, 'Nguyễn Văn A', 'nguyenvana@gmail.com', '2018-12-12 20:59:56', 'Đây thực sự là một sản phẩm tuyệt vời'),
(26, 26, 'Nguyễn Văn A', 'nguyenvana@gmail.com', '2018-12-12 20:59:56', 'Đây thực sự là một sản phẩm tuyệt vời'),
(27, 27, 'Nguyễn Văn A', 'nguyenvana@gmail.com', '2018-12-12 20:59:56', 'Đây thực sự là một sản phẩm tuyệt vời'),
(28, 28, 'Nguyễn Văn A', 'nguyenvana@gmail.com', '2018-12-12 20:59:56', 'Đây thực sự là một sản phẩm tuyệt vời'),
(29, 29, 'Nguyễn Văn A', 'nguyenvana@gmail.com', '2018-12-12 20:59:56', 'Đây thực sự là một sản phẩm tuyệt vời'),
(30, 30, 'Nguyễn Văn A', 'nguyenvana@gmail.com', '2018-12-12 20:59:56', 'Đây thực sự là một sản phẩm tuyệt vời'),
(39, 0, 'ewqe', 'qwewqe@dfsfsdf', '0000-00-00 00:00:00', 'sdasdasdasd'),
(40, 0, 'dfsdfsdf', 'dfsdfdsfsdf@gmail.com', '0000-00-00 00:00:00', 'fsdfsdfsdf'),
(41, 0, 'dfsdfsdf', 'dfsdfdsfsdf@gmail.com', '0000-00-00 00:00:00', 'fsdfsdfsdf'),
(42, 0, 'erwerwe', 'dfsdfdsfsdf@gmail.com', '0000-00-00 00:00:00', 'asdasdasdas'),
(43, 0, 'erwerwe', 'dfsdfdsfsdf@gmail.com', '0000-00-00 00:00:00', 'asdasdasdas'),
(44, 0, 'erwerwe', 'dfsdfdsfsdf@gmail.com', '0000-00-00 00:00:00', 'asdasdasdas'),
(45, 0, 'erwerwe', 'dfsdfdsfsdf@gmail.com', '0000-00-00 00:00:00', 'asdasdasdas'),
(46, 0, 'abc', 'dfsdfdsfsdf@gmail.com', '0000-00-00 00:00:00', 'sadsdasd'),
(47, 0, 'dasfdsf', 'dfsdfdsfsdf@gmail.com', '2020-03-05 19:13:27', 'adasdasdasdqw3ewq');

-- --------------------------------------------------------

--
-- Cấu trúc bảng cho bảng `product`
--

CREATE TABLE `product` (
  `prd_id` int(11) NOT NULL,
  `cat_id` int(11) NOT NULL,
  `prd_name` varchar(255) NOT NULL,
  `prd_image` varchar(255) NOT NULL,
  `prd_price` int(11) UNSIGNED NOT NULL,
  `prd_warranty` varchar(255) NOT NULL,
  `prd_accessories` varchar(255) NOT NULL,
  `prd_new` varchar(255) NOT NULL,
  `prd_promotion` varchar(255) NOT NULL,
  `prd_status` int(1) NOT NULL,
  `prd_featured` int(1) NOT NULL,
  `prd_details` text NOT NULL,
  `manhinh` varchar(100) NOT NULL,
  `camt` varchar(100) NOT NULL,
  `cams` varchar(10) NOT NULL,
  `cpu` varchar(100) NOT NULL,
  `ram` varchar(50) NOT NULL,
  `rom` varchar(50) NOT NULL,
  `pin` varchar(11) NOT NULL
) ENGINE=InnoDB DEFAULT CHARSET=utf8mb4;

--
-- Đang đổ dữ liệu cho bảng `product`
--

INSERT INTO `product` (`prd_id`, `cat_id`, `prd_name`, `prd_image`, `prd_price`, `prd_warranty`, `prd_accessories`, `prd_new`, `prd_promotion`, `prd_status`, `prd_featured`, `prd_details`, `manhinh`, `camt`, `cams`, `cpu`, `ram`, `rom`, `pin`) VALUES
(1, 1, 'iPhone 7 Plus 32GB Rose Gold', 'iPhone-7-Plus-32GB-Rose-Gold.png', 10000000, '12 Tháng', 'Hộp, sách, sạc, cáp, tai nghe', 'Máy Mới 100%', 'Dán Màn Hình 4D', 1, 1, 'Sản phẩm này chúng tôi đang cập nhật nội dung chi tiết, các bạn có thể qua trực tiếp cửa hàng để xem sản phẩm, vì hàng chúng tôi luôn có sẵn.', '', '', '', '', '', '0', '0'),
(2, 1, 'iPhone X 256GB Silver Seedstock', 'iPhone-X-256GB-Silver-Seedstock.png', 10000000, '12 Tháng', 'Hộp, sách, sạc, cáp, tai nghe', 'Máy Mới 100%', 'Dán Màn Hình 4D', 1, 1, 'Sản phẩm này chúng tôi đang cập nhật nội dung chi tiết, các bạn có thể qua trực tiếp cửa hàng để xem sản phẩm, vì hàng chúng tôi luôn có sẵn.', '', '', '', '', '', '0', '0'),
(3, 1, 'iPhone Xr 2 Sim 64GB Yellow', 'iPhone-Xr-2-Sim-64GB-Yellow.png', 10000000, '12 Tháng', 'Hộp, sách, sạc, cáp, tai nghe', 'Máy Mới 100%', 'Dán Màn Hình 4D', 1, 1, 'Sản phẩm này chúng tôi đang cập nhật nội dung chi tiết, các bạn có thể qua trực tiếp cửa hàng để xem sản phẩm, vì hàng chúng tôi luôn có sẵn.', '', '', '', '', '', '0', '0'),
(4, 1, 'iPhone Xr 2 Sim 56GB Red', 'iPhone-Xr-2-Sim-256GB-Red.png', 10000000, '12 Tháng', 'Hộp, sách, sạc, cáp, tai nghe', 'Máy Mới 100%', 'Dán Màn Hình 4D', 1, 1, 'Sản phẩm này chúng tôi đang cập nhật nội dung chi tiết, các bạn có thể qua trực tiếp cửa hàng để xem sản phẩm, vì hàng chúng tôi luôn có sẵn.', '', '', '', '', '', '0', '0'),
(5, 1, 'iPhone Xs 256GB Gold', 'iPhone-Xs-256GB-Gold.png', 10000000, '12 Tháng', 'Hộp, sách, sạc, cáp, tai nghe', 'Máy Mới 100%', 'Dán Màn Hình 4D', 0, 1, 'Sản phẩm này chúng tôi đang cập nhật nội dung chi tiết, các bạn có thể qua trực tiếp cửa hàng để xem sản phẩm, vì hàng chúng tôi luôn có sẵn.', '', '', '', '', '', '0', '0'),
(6, 2, 'Samsung Galaxy A9 2018 Black', 'Samsung-Galaxy-A9-2018-Black.png', 10000000, '12 Tháng', 'Hộp, sách, sạc, cáp, tai nghe', 'Máy Mới 100%', 'Dán Màn Hình 4D', 1, 1, 'Sản phẩm này chúng tôi đang cập nhật nội dung chi tiết, các bạn có thể qua trực tiếp cửa hàng để xem sản phẩm, vì hàng chúng tôi luôn có sẵn.', '', '', '', '', '', '0', '0'),
(7, 2, 'Samsung Galaxy J2 Core Gold', 'Samsung-Galaxy-J2-Core-Gold.png', 10000000, '12 Tháng', 'Hộp, sách, sạc, cáp, tai nghe', 'Máy Mới 100%', 'Dán Màn Hình 4D', 1, 1, 'Sản phẩm này chúng tôi đang cập nhật nội dung chi tiết, các bạn có thể qua trực tiếp cửa hàng để xem sản phẩm, vì hàng chúng tôi luôn có sẵn.', '', '', '', '', '', '0', '0'),
(8, 2, 'Samsung Galaxy J4 Core Black', 'Samsung-Galaxy-J4-Core-Black.png', 10000000, '12 Tháng', 'Hộp, sách, sạc, cáp, tai nghe', 'Máy Mới 100%', 'Dán Màn Hình 4D', 1, 0, 'Sản phẩm này chúng tôi đang cập nhật nội dung chi tiết, các bạn có thể qua trực tiếp cửa hàng để xem sản phẩm, vì hàng chúng tôi luôn có sẵn.', '', '', '', '', '', '0', '0'),
(9, 2, 'Samsung Galaxy S9 Plus 64GB Orchid Gray', 'Samsung-Galaxy-S9-Plus-64GB-Orchid-Gray.png', 10000000, '12 Tháng', 'Hộp, sách, sạc, cáp, tai nghe', 'Máy Mới 100%', 'Dán Màn Hình 4D', 1, 0, 'Sản phẩm này chúng tôi đang cập nhật nội dung chi tiết, các bạn có thể qua trực tiếp cửa hàng để xem sản phẩm, vì hàng chúng tôi luôn có sẵn.', '', '', '', '', '', '0', '0'),
(10, 2, 'Samsung Galaxy S9 Plus Black 128GB', 'Samsung-Galaxy-S9-Plus-Black-128GB.png', 10000000, '12 Tháng', 'Hộp, sách, sạc, cáp, tai nghe', 'Máy Mới 100%', 'Dán Màn Hình 4D', 0, 0, 'Sản phẩm này chúng tôi đang cập nhật nội dung chi tiết, các bạn có thể qua trực tiếp cửa hàng để xem sản phẩm, vì hàng chúng tôi luôn có sẵn.', '', '', '', '', '', '0', '0'),
(11, 4, 'Nokia 1 red', 'Nokia-1-red.png', 10000000, '12 Tháng', 'Hộp, sách, sạc, cáp, tai nghe', 'Máy Mới 100%', 'Dán Màn Hình 4D', 1, 1, 'Sản phẩm này chúng tôi đang cập nhật nội dung chi tiết, các bạn có thể qua trực tiếp cửa hàng để xem sản phẩm, vì hàng chúng tôi luôn có sẵn.', '', '', '', '', '', '0', '0'),
(12, 4, 'Nokia 3.1 Black', 'Nokia-3.1-Black.png', 10000000, '12 Tháng', 'Hộp, sách, sạc, cáp, tai nghe', 'Máy Mới 100%', 'Dán Màn Hình 4D', 1, 0, 'Sản phẩm này chúng tôi đang cập nhật nội dung chi tiết, các bạn có thể qua trực tiếp cửa hàng để xem sản phẩm, vì hàng chúng tôi luôn có sẵn.', '', '', '', '', '', '0', '0'),
(13, 4, 'Nokia 6.1 Plus Blue', 'Nokia-6.1-Plus-Blue.png', 10000000, '12 Tháng', 'Hộp, sách, sạc, cáp, tai nghe', 'Máy Mới 100%', 'Dán Màn Hình 4D', 1, 0, 'Sản phẩm này chúng tôi đang cập nhật nội dung chi tiết, các bạn có thể qua trực tiếp cửa hàng để xem sản phẩm, vì hàng chúng tôi luôn có sẵn.', '', '', '', '', '', '0', '0'),
(14, 4, 'Nokia 6.1 Plus White', 'Nokia-6.1-Plus-White.png', 10000000, '12 Tháng', 'Hộp, sách, sạc, cáp, tai nghe', 'Máy Mới 100%', 'Dán Màn Hình 4D', 1, 0, 'Sản phẩm này chúng tôi đang cập nhật nội dung chi tiết, các bạn có thể qua trực tiếp cửa hàng để xem sản phẩm, vì hàng chúng tôi luôn có sẵn.', '', '', '', '', '', '0', '0'),
(15, 4, 'Nokia 150 White', 'Nokia-150-White.png', 10000000, '12 Tháng', 'Hộp, sách, sạc, cáp, tai nghe', 'Máy Mới 100%', 'Dán Màn Hình 4D', 0, 0, 'Sản phẩm này chúng tôi đang cập nhật nội dung chi tiết, các bạn có thể qua trực tiếp cửa hàng để xem sản phẩm, vì hàng chúng tôi luôn có sẵn.', '', '', '', '', '', '0', '0'),
(16, 7, 'OPPO A3s 16GB Red', 'OPPO-A3s–16GB-Red.png', 10000000, '12 Tháng', 'Hộp, sách, sạc, cáp, tai nghe', 'Máy Mới 100%', 'Dán Màn Hình 4D', 1, 1, 'Sản phẩm này chúng tôi đang cập nhật nội dung chi tiết, các bạn có thể qua trực tiếp cửa hàng để xem sản phẩm, vì hàng chúng tôi luôn có sẵn.', '', '', '', '', '', '0', '0'),
(17, 7, 'OPPO A7 64GB Blue', 'OPPO-A7-64GB-Blue.png', 10000000, '12 Tháng', 'Hộp, sách, sạc, cáp, tai nghe', 'Máy Mới 100%', 'Dán Màn Hình 4D', 1, 0, 'Sản phẩm này chúng tôi đang cập nhật nội dung chi tiết, các bạn có thể qua trực tiếp cửa hàng để xem sản phẩm, vì hàng chúng tôi luôn có sẵn.', '', '', '', '', '', '0', '0'),
(18, 7, 'OPPO F7 128GB Black', 'OPPO-F7-128GB-Black.png', 10000000, '12 Tháng', 'Hộp, sách, sạc, cáp, tai nghe', 'Máy Mới 100%', 'Dán Màn Hình 4D', 1, 0, 'Sản phẩm này chúng tôi đang cập nhật nội dung chi tiết, các bạn có thể qua trực tiếp cửa hàng để xem sản phẩm, vì hàng chúng tôi luôn có sẵn.', '', '', '', '', '', '0', '0'),
(19, 7, 'OPPO F9 Sunrise Red', 'OPPO-F9-Sunrise-Red.png', 10000000, '12 Tháng', 'Hộp, sách, sạc, cáp, tai nghe', 'Máy Mới 100%', 'Dán Màn Hình 4D', 1, 0, 'Sản phẩm này chúng tôi đang cập nhật nội dung chi tiết, các bạn có thể qua trực tiếp cửa hàng để xem sản phẩm, vì hàng chúng tôi luôn có sẵn.', '', '', '', '', '', '0', '0'),
(20, 7, 'OPPO R17 Pro Lavender', 'OPPO-R17-Pro-Lavender.png', 10000000, '12 Tháng', 'Hộp, sách, sạc, cáp, tai nghe', 'Máy Mới 100%', 'Dán Màn Hình 4D', 1, 0, 'Sản phẩm này chúng tôi đang cập nhật nội dung chi tiết, các bạn có thể qua trực tiếp cửa hàng để xem sản phẩm, vì hàng chúng tôi luôn có sẵn.', '', '', '', '', '', '0', '0'),
(21, 8, 'Xiaomi Mi 8 Pro Black', 'Xiaomi-Mi-8-Pro-Black.png', 10000000, '12 Tháng', 'Hộp, sách, sạc, cáp, tai nghe', 'Máy Mới 100%', 'Dán Màn Hình 4D', 1, 1, 'Sản phẩm này chúng tôi đang cập nhật nội dung chi tiết, các bạn có thể qua trực tiếp cửa hàng để xem sản phẩm, vì hàng chúng tôi luôn có sẵn.', '', '', '', '', '', '0', '0'),
(22, 8, 'Xiaomi Mi A1 Black', 'Xiaomi-Mi-A1-Black.png', 10000000, '12 Tháng', 'Hộp, sách, sạc, cáp, tai nghe', 'Máy Mới 100%', 'Dán Màn Hình 4D', 1, 0, 'Sản phẩm này chúng tôi đang cập nhật nội dung chi tiết, các bạn có thể qua trực tiếp cửa hàng để xem sản phẩm, vì hàng chúng tôi luôn có sẵn.', '', '', '', '', '', '0', '0'),
(23, 8, 'Xiaomi Mi A1 Gold', 'Xiaomi-Mi-A1-Gold.png', 10000000, '12 Tháng', 'Hộp, sách, sạc, cáp, tai nghe', 'Máy Mới 100%', 'Dán Màn Hình 4D', 1, 0, 'Sản phẩm này chúng tôi đang cập nhật nội dung chi tiết, các bạn có thể qua trực tiếp cửa hàng để xem sản phẩm, vì hàng chúng tôi luôn có sẵn.', '', '', '', '', '', '0', '0'),
(24, 8, 'Xiaomi Mi Max 3 Ram 4 64GB-Black', 'Xiaomi-Mi-Max-3-Ram-4–64GB-Black.png', 10000000, '12 Tháng', 'Hộp, sách, sạc, cáp, tai nghe', 'Máy Mới 100%', 'Dán Màn Hình 4D', 1, 0, 'Sản phẩm này chúng tôi đang cập nhật nội dung chi tiết, các bạn có thể qua trực tiếp cửa hàng để xem sản phẩm, vì hàng chúng tôi luôn có sẵn.', '', '', '', '', '', '0', '0'),
(25, 8, 'Xiaomi Redmi Note 6 Pro 32GB Blue', 'Xiaomi-Redmi-Note-6-Pro–32GB-Blue.png', 10000000, '12 Tháng', 'Hộp, sách, sạc, cáp, tai nghe', 'Máy Mới 100%', 'Dán Màn Hình 4D', 0, 0, 'Sản phẩm này chúng tôi đang cập nhật nội dung chi tiết, các bạn có thể qua trực tiếp cửa hàng để xem sản phẩm, vì hàng chúng tôi luôn có sẵn.', '', '', '', '', '', '0', '0'),
(26, 6, 'Vivo V7 Gold', 'Vivo-V7-Gold.png', 10000000, '12 Tháng', 'Hộp, sách, sạc, cáp, tai nghe', 'Máy Mới 100%', 'Dán Màn Hình 4D', 1, 1, 'Sản phẩm này chúng tôi đang cập nhật nội dung chi tiết, các bạn có thể qua trực tiếp cửa hàng để xem sản phẩm, vì hàng chúng tôi luôn có sẵn.', 'Amoled 6.8\'', '32', '20', 'Snap 888', '6', '128', '5000'),
(27, 6, 'Vivo V9 Gold', 'Vivo-V9-Gold.png', 10000000, '12 Tháng', 'Hộp, sách, sạc, cáp, tai nghe', 'Máy Mới 100%', 'Dán Màn Hình 4D', 1, 0, 'Sản phẩm này chúng tôi đang cập nhật nội dung chi tiết, các bạn có thể qua trực tiếp cửa hàng để xem sản phẩm, vì hàng chúng tôi luôn có sẵn.', '', '', '', '', '', '0', '0');

-- --------------------------------------------------------

--
-- Cấu trúc bảng cho bảng `user`
--

CREATE TABLE `user` (
  `user_id` int(11) NOT NULL,
  `user_full` varchar(255) NOT NULL,
  `usernane` varchar(255) NOT NULL,
  `mat_khau` varchar(255) NOT NULL,
  `user_level` int(1) NOT NULL
) ENGINE=InnoDB DEFAULT CHARSET=utf8mb4;

--
-- Đang đổ dữ liệu cho bảng `user`
--

INSERT INTO `user` (`user_id`, `user_full`, `usernane`, `mat_khau`, `user_level`) VALUES
(2, 'Administrator', 'admin@gmail.com', '123456', 1),
(3, 'Nguyễn Van A', 'nguyenvana@gmail.com', '123456', 2),
(4, 'Nguyễn Van B', 'nguyenvanb@gmail.com', '123456', 2),
(5, 'Nguyễn Van C', 'nguyenvanc@gmail.com', '123456', 2),
(6, 'Nguyễn Van D', 'nguyenvand@gmail.com', '123456', 2);

--
-- Chỉ mục cho các bảng đã đổ
--

--
-- Chỉ mục cho bảng `category`
--
ALTER TABLE `category`
  ADD PRIMARY KEY (`cat_id`),
  ADD UNIQUE KEY `cat_name` (`cat_name`);

--
-- Chỉ mục cho bảng `comment`
--
ALTER TABLE `comment`
  ADD PRIMARY KEY (`comm_id`);

--
-- Chỉ mục cho bảng `product`
--
ALTER TABLE `product`
  ADD PRIMARY KEY (`prd_id`);

--
-- Chỉ mục cho bảng `user`
--
ALTER TABLE `user`
  ADD PRIMARY KEY (`user_id`),
  ADD UNIQUE KEY `user_mail` (`usernane`);

--
-- AUTO_INCREMENT cho các bảng đã đổ
--

--
-- AUTO_INCREMENT cho bảng `category`
--
ALTER TABLE `category`
  MODIFY `cat_id` int(11) NOT NULL AUTO_INCREMENT, AUTO_INCREMENT=10;

--
-- AUTO_INCREMENT cho bảng `comment`
--
ALTER TABLE `comment`
  MODIFY `comm_id` int(11) NOT NULL AUTO_INCREMENT, AUTO_INCREMENT=48;

--
-- AUTO_INCREMENT cho bảng `product`
--
ALTER TABLE `product`
  MODIFY `prd_id` int(11) NOT NULL AUTO_INCREMENT, AUTO_INCREMENT=28;

--
-- AUTO_INCREMENT cho bảng `user`
--
ALTER TABLE `user`
  MODIFY `user_id` int(11) NOT NULL AUTO_INCREMENT, AUTO_INCREMENT=7;
COMMIT;

/*!40101 SET CHARACTER_SET_CLIENT=@OLD_CHARACTER_SET_CLIENT */;
/*!40101 SET CHARACTER_SET_RESULTS=@OLD_CHARACTER_SET_RESULTS */;
/*!40101 SET COLLATION_CONNECTION=@OLD_COLLATION_CONNECTION */;
